run_id,endpoint,strategy,threshold,net_benefit,interpretation_status
binary_20260719_044949_c6c955a30fc2,IDH,Source MLP,0.01,0.38137823693304845,sensitivity_analysis_not_clinically_prespecified
binary_20260719_044949_c6c955a30fc2,IDH,Source MLP,0.02,0.3750657699629775,sensitivity_analysis_not_clinically_prespecified
binary_20260719_044949_c6c955a30fc2,IDH,Source MLP,0.03,0.3686231490347608,sensitivity_analysis_not_clinically_prespecified
binary_20260719_044949_c6c955a30fc2,IDH,Source MLP,0.04,0.3620463068372062,sensitivity_analysis_not_clinically_prespecified
binary_20260719_044949_c6c955a30fc2,IDH,Source MLP,0.05,0.3553398160908197,sensitivity_analysis_not_clinically_prespecified
binary_20260719_044949_c6c955a30fc2,IDH,Source MLP,0.060000000000000005,0.34849490846347725,sensitivity_analysis_not_clinically_prespecified
binary_20260719_044949_c6c955a30fc2,IDH,Source MLP,0.06999999999999999,0.3415092790809703,sensitivity_analysis_not_clinically_prespecified
binary_20260719_044949_c6c955a30fc2,IDH,Source MLP,0.08,0.33416797929301606,sensitivity_analysis_not_clinically_prespecified
binary_20260719_044949_c6c955a30fc2,IDH,Source MLP,0.09,0.3270089918117776,sensitivity_analysis_not_clinically_prespecified
binary_20260719_044949_c6c955a30fc2,IDH,Source MLP,0.09999999999999999,0.31827347336622097,sensitivity_analysis_not_clinically_prespecified
binary_20260719_044949_c6c955a30fc2,IDH,Source MLP,0.11,0.30846319553180235,sensitivity_analysis_not_clinically_prespecified
binary_20260719_044949_c6c955a30fc2,IDH,Source MLP,0.12,0.2985517128020309,sensitivity_analysis_not_clinically_prespecified
binary_20260719_044949_c6c955a30fc2,IDH,Source MLP,0.13,0.28770462086977,sensitivity_analysis_not_clinically_prespecified
binary_20260719_044949_c6c955a30fc2,IDH,Source MLP,0.14,0.27788618620536065,sensitivity_analysis_not_clinically_prespecified
binary_20260719_044949_c6c955a30fc2,IDH,Source MLP,0.15000000000000002,0.2687868557990396,sensitivity_analysis_not_clinically_prespecified
binary_20260719_044949_c6c955a30fc2,IDH,Source MLP,0.16,0.2600440698612533,sensitivity_analysis_not_clinically_prespecified
binary_20260719_044949_c6c955a30fc2,IDH,Source MLP,0.17,0.2502720989092646,sensitivity_analysis_not_clinically_prespecified
binary_20260719_044949_c6c955a30fc2,IDH,Source MLP,0.18000000000000002,0.24061458253369114,sensitivity_analysis_not_clinically_prespecified
binary_20260719_044949_c6c955a30fc2,IDH,Source MLP,0.19,0.22981126397497298,sensitivity_analysis_not_clinically_prespecified
binary_20260719_044949_c6c955a30fc2,IDH,Source MLP,0.2,0.2193380432598942,sensitivity_analysis_not_clinically_prespecified
binary_20260719_044949_c6c955a30fc2,IDH,Source MLP,0.21000000000000002,0.21029967610601616,sensitivity_analysis_not_clinically_prespecified
binary_20260719_044949_c6c955a30fc2,IDH,Source MLP,0.22,0.20133519463861657,sensitivity_analysis_not_clinically_prespecified
binary_20260719_044949_c6c955a30fc2,IDH,Source MLP,0.23,0.19334977618644664,sensitivity_analysis_not_clinically_prespecified
binary_20260719_044949_c6c955a30fc2,IDH,Source MLP,0.24000000000000002,0.1854335329383527,sensitivity_analysis_not_clinically_prespecified
binary_20260719_044949_c6c955a30fc2,IDH,Source MLP,0.25,0.17897720931270786,sensitivity_analysis_not_clinically_prespecified
binary_20260719_044949_c6c955a30fc2,IDH,Source MLP,0.26,0.17206676307325874,sensitivity_analysis_not_clinically_prespecified
binary_20260719_044949_c6c955a30fc2,IDH,Source MLP,0.27,0.16482388458401867,sensitivity_analysis_not_clinically_prespecified
binary_20260719_044949_c6c955a30fc2,IDH,Source MLP,0.28,0.15920556262416571,sensitivity_analysis_not_clinically_prespecified
binary_20260719_044949_c6c955a30fc2,IDH,Source MLP,0.29000000000000004,0.1532587340826584,sensitivity_analysis_not_clinically_prespecified
binary_20260719_044949_c6c955a30fc2,IDH,Source MLP,0.3,0.147769561182807,sensitivity_analysis_not_clinically_prespecified
binary_20260719_044949_c6c955a30fc2,IDH,Source MLP,0.31,0.1427438694769002,sensitivity_analysis_not_clinically_prespecified
binary_20260719_044949_c6c955a30fc2,IDH,Source MLP,0.32,0.13736257243136993,sensitivity_analysis_not_clinically_prespecified
binary_20260719_044949_c6c955a30fc2,IDH,Source MLP,0.33,0.13241183755101144,sensitivity_analysis_not_clinically_prespecified
binary_20260719_044949_c6c955a30fc2,IDH,Source MLP,0.34,0.12806799664765245,sensitivity_analysis_not_clinically_prespecified
binary_20260719_044949_c6c955a30fc2,IDH,Source MLP,0.35000000000000003,0.12369609898572598,sensitivity_analysis_not_clinically_prespecified
binary_20260719_044949_c6c955a30fc2,IDH,Source MLP,0.36000000000000004,0.1198059666510413,sensitivity_analysis_not_clinically_prespecified
binary_20260719_044949_c6c955a30fc2,IDH,Source MLP,0.37,0.1157046447677935,sensitivity_analysis_not_clinically_prespecified
binary_20260719_044949_c6c955a30fc2,IDH,Source MLP,0.38,0.11124312250633475,sensitivity_analysis_not_clinically_prespecified
binary_20260719_044949_c6c955a30fc2,IDH,Source MLP,0.39,0.10815906678244794,sensitivity_analysis_not_clinically_prespecified
binary_20260719_044949_c6c955a30fc2,IDH,Source MLP,0.4,0.10438849081452711,sensitivity_analysis_not_clinically_prespecified
binary_20260719_044949_c6c955a30fc2,IDH,Source MLP,0.41000000000000003,0.10124034245619133,sensitivity_analysis_not_clinically_prespecified
binary_20260719_044949_c6c955a30fc2,IDH,Source MLP,0.42000000000000004,0.0974317468601131,sensitivity_analysis_not_clinically_prespecified
binary_20260719_044949_c6c955a30fc2,IDH,Source MLP,0.43,0.09466317974672837,sensitivity_analysis_not_clinically_prespecified
binary_20260719_044949_c6c955a30fc2,IDH,Source MLP,0.44,0.09173594436100296,sensitivity_analysis_not_clinically_prespecified
binary_20260719_044949_c6c955a30fc2,IDH,Source MLP,0.45,0.08892446868740983,sensitivity_analysis_not_clinically_prespecified
binary_20260719_044949_c6c955a30fc2,IDH,Source MLP,0.46,0.08590841561443585,sensitivity_analysis_not_clinically_prespecified
binary_20260719_044949_c6c955a30fc2,IDH,Source MLP,0.47000000000000003,0.08281392736613477,sensitivity_analysis_not_clinically_prespecified
binary_20260719_044949_c6c955a30fc2,IDH,Source MLP,0.48000000000000004,0.08023015623631709,sensitivity_analysis_not_clinically_prespecified
binary_20260719_044949_c6c955a30fc2,IDH,Source MLP,0.49,0.07785822425132913,sensitivity_analysis_not_clinically_prespecified
binary_20260719_044949_c6c955a30fc2,IDH,Source MLP,0.5,0.0760731266322909,sensitivity_analysis_not_clinically_prespecified
binary_20260719_044949_c6c955a30fc2,IDH,Source MLP,0.51,0.07355712659402475,sensitivity_analysis_not_clinically_prespecified
binary_20260719_044949_c6c955a30fc2,IDH,Source MLP,0.52,0.07137715127569813,sensitivity_analysis_not_clinically_prespecified
binary_20260719_044949_c6c955a30fc2,IDH,Source MLP,0.53,0.0690331708582021,sensitivity_analysis_not_clinically_prespecified
binary_20260719_044949_c6c955a30fc2,IDH,Source MLP,0.54,0.0670240115996378,sensitivity_analysis_not_clinically_prespecified
binary_20260719_044949_c6c955a30fc2,IDH,Source MLP,0.55,0.06509073863255876,sensitivity_analysis_not_clinically_prespecified
binary_20260719_044949_c6c955a30fc2,IDH,Source MLP,0.56,0.06269823392973463,sensitivity_analysis_not_clinically_prespecified
binary_20260719_044949_c6c955a30fc2,IDH,Source MLP,0.5700000000000001,0.06000367533120808,sensitivity_analysis_not_clinically_prespecified
binary_20260719_044949_c6c955a30fc2,IDH,Source MLP,0.5800000000000001,0.057711747392320614,sensitivity_analysis_not_clinically_prespecified
binary_20260719_044949_c6c955a30fc2,IDH,Source MLP,0.59,0.055152853477238986,sensitivity_analysis_not_clinically_prespecified
binary_20260719_044949_c6c955a30fc2,IDH,Source MLP,0.6,0.05235049889506463,sensitivity_analysis_not_clinically_prespecified
binary_20260719_044949_c6c955a30fc2,IDH,Updated MLP,0.01,0.38137823693304845,sensitivity_analysis_not_clinically_prespecified
binary_20260719_044949_c6c955a30fc2,IDH,Updated MLP,0.02,0.3750664532872682,sensitivity_analysis_not_clinically_prespecified
binary_20260719_044949_c6c955a30fc2,IDH,Updated MLP,0.03,0.3686303979079062,sensitivity_analysis_not_clinically_prespecified
binary_20260719_044949_c6c955a30fc2,IDH,Updated MLP,0.04,0.36215931159177656,sensitivity_analysis_not_clinically_prespecified
binary_20260719_044949_c6c955a30fc2,IDH,Updated MLP,0.05,0.3556270640439577,sensitivity_analysis_not_clinically_prespecified
binary_20260719_044949_c6c955a30fc2,IDH,Updated MLP,0.060000000000000005,0.3491745398952199,sensitivity_analysis_not_clinically_prespecified
binary_20260719_044949_c6c955a30fc2,IDH,Updated MLP,0.06999999999999999,0.34269738163798297,sensitivity_analysis_not_clinically_prespecified
binary_20260719_044949_c6c955a30fc2,IDH,Updated MLP,0.08,0.3364797544976256,sensitivity_analysis_not_clinically_prespecified
binary_20260719_044949_c6c955a30fc2,IDH,Updated MLP,0.09,0.3308573165266395,sensitivity_analysis_not_clinically_prespecified
binary_20260719_044949_c6c955a30fc2,IDH,Updated MLP,0.09999999999999999,0.32557274343921366,sensitivity_analysis_not_clinically_prespecified
binary_20260719_044949_c6c955a30fc2,IDH,Updated MLP,0.11,0.3197834221319647,sensitivity_analysis_not_clinically_prespecified
binary_20260719_044949_c6c955a30fc2,IDH,Updated MLP,0.12,0.3142262712844645,sensitivity_analysis_not_clinically_prespecified
binary_20260719_044949_c6c955a30fc2,IDH,Updated MLP,0.13,0.3090505406909483,sensitivity_analysis_not_clinically_prespecified
binary_20260719_044949_c6c955a30fc2,IDH,Updated MLP,0.14,0.3038580076278696,sensitivity_analysis_not_clinically_prespecified
binary_20260719_044949_c6c955a30fc2,IDH,Updated MLP,0.15000000000000002,0.2986240501691871,sensitivity_analysis_not_clinically_prespecified
binary_20260719_044949_c6c955a30fc2,IDH,Updated MLP,0.16,0.2934855050973715,sensitivity_analysis_not_clinically_prespecified
binary_20260719_044949_c6c955a30fc2,IDH,Updated MLP,0.17,0.28901583700367667,sensitivity_analysis_not_clinically_prespecified
binary_20260719_044949_c6c955a30fc2,IDH,Updated MLP,0.18000000000000002,0.28405414101686716,sensitivity_analysis_not_clinically_prespecified
binary_20260719_044949_c6c955a30fc2,IDH,Updated MLP,0.19,0.28050518654103557,sensitivity_analysis_not_clinically_prespecified
binary_20260719_044949_c6c955a30fc2,IDH,Updated MLP,0.2,0.27644311256947696,sensitivity_analysis_not_clinically_prespecified
binary_20260719_044949_c6c955a30fc2,IDH,Updated MLP,0.21000000000000002,0.2715076709725381,sensitivity_analysis_not_clinically_prespecified
binary_20260719_044949_c6c955a30fc2,IDH,Updated MLP,0.22,0.26732310302256057,sensitivity_analysis_not_clinically_prespecified
binary_20260719_044949_c6c955a30fc2,IDH,Updated MLP,0.23,0.262561954218018,sensitivity_analysis_not_clinically_prespecified
binary_20260719_044949_c6c955a30fc2,IDH,Updated MLP,0.24000000000000002,0.25831168693850076,sensitivity_analysis_not_clinically_prespecified
binary_20260719_044949_c6c955a30fc2,IDH,Updated MLP,0.25,0.25397888345722003,sensitivity_analysis_not_clinically_prespecified
binary_20260719_044949_c6c955a30fc2,IDH,Updated MLP,0.26,0.2503678593211842,sensitivity_analysis_not_clinically_prespecified
binary_20260719_044949_c6c955a30fc2,IDH,Updated MLP,0.27,0.24688173384496415,sensitivity_analysis_not_clinically_prespecified
binary_20260719_044949_c6c955a30fc2,IDH,Updated MLP,0.28,0.24292208903472545,sensitivity_analysis_not_clinically_prespecified
binary_20260719_044949_c6c955a30fc2,IDH,Updated MLP,0.29000000000000004,0.2395172616088953,sensitivity_analysis_not_clinically_prespecified
binary_20260719_044949_c6c955a30fc2,IDH,Updated MLP,0.3,0.23516947125733037,sensitivity_analysis_not_clinically_prespecified
binary_20260719_044949_c6c955a30fc2,IDH,Updated MLP,0.31,0.2319277313061142,sensitivity_analysis_not_clinically_prespecified
binary_20260719_044949_c6c955a30fc2,IDH,Updated MLP,0.32,0.2282213494786517,sensitivity_analysis_not_clinically_prespecified
binary_20260719_044949_c6c955a30fc2,IDH,Updated MLP,0.33,0.22412247341608438,sensitivity_analysis_not_clinically_prespecified
binary_20260719_044949_c6c955a30fc2,IDH,Updated MLP,0.34,0.22060557358220254,sensitivity_analysis_not_clinically_prespecified
binary_20260719_044949_c6c955a30fc2,IDH,Updated MLP,0.35000000000000003,0.2172395675040823,sensitivity_analysis_not_clinically_prespecified
binary_20260719_044949_c6c955a30fc2,IDH,Updated MLP,0.36000000000000004,0.2131667280519654,sensitivity_analysis_not_clinically_prespecified
binary_20260719_044949_c6c955a30fc2,IDH,Updated MLP,0.37,0.209241490296871,sensitivity_analysis_not_clinically_prespecified
binary_20260719_044949_c6c955a30fc2,IDH,Updated MLP,0.38,0.2053527260473124,sensitivity_analysis_not_clinically_prespecified
binary_20260719_044949_c6c955a30fc2,IDH,Updated MLP,0.39,0.20122338796350475,sensitivity_analysis_not_clinically_prespecified
binary_20260719_044949_c6c955a30fc2,IDH,Updated MLP,0.4,0.19752673050737737,sensitivity_analysis_not_clinically_prespecified
binary_20260719_044949_c6c955a30fc2,IDH,Updated MLP,0.41000000000000003,0.1931928716629192,sensitivity_analysis_not_clinically_prespecified
binary_20260719_044949_c6c955a30fc2,IDH,Updated MLP,0.42000000000000004,0.1893861547094262,sensitivity_analysis_not_clinically_prespecified
binary_20260719_044949_c6c955a30fc2,IDH,Updated MLP,0.43,0.18546172905645214,sensitivity_analysis_not_clinically_prespecified
binary_20260719_044949_c6c955a30fc2,IDH,Updated MLP,0.44,0.18213018147726512,sensitivity_analysis_not_clinically_prespecified
binary_20260719_044949_c6c955a30fc2,IDH,Updated MLP,0.45,0.17768761072183026,sensitivity_analysis_not_clinically_prespecified
binary_20260719_044949_c6c955a30fc2,IDH,Updated MLP,0.46,0.17441857581146403,sensitivity_analysis_not_clinically_prespecified
binary_20260719_044949_c6c955a30fc2,IDH,Updated MLP,0.47000000000000003,0.17061301486261277,sensitivity_analysis_not_clinically_prespecified
binary_20260719_044949_c6c955a30fc2,IDH,Updated MLP,0.48000000000000004,0.1670178077463954,sensitivity_analysis_not_clinically_prespecified
binary_20260719_044949_c6c955a30fc2,IDH,Updated MLP,0.49,0.16380946003259,sensitivity_analysis_not_clinically_prespecified
binary_20260719_044949_c6c955a30fc2,IDH,Updated MLP,0.5,0.15957945489854686,sensitivity_analysis_not_clinically_prespecified
binary_20260719_044949_c6c955a30fc2,IDH,Updated MLP,0.51,0.1558116047597637,sensitivity_analysis_not_clinically_prespecified
binary_20260719_044949_c6c955a30fc2,IDH,Updated MLP,0.52,0.15284102323712584,sensitivity_analysis_not_clinically_prespecified
binary_20260719_044949_c6c955a30fc2,IDH,Updated MLP,0.53,0.1487815789961117,sensitivity_analysis_not_clinically_prespecified
binary_20260719_044949_c6c955a30fc2,IDH,Updated MLP,0.54,0.1451861794275299,sensitivity_analysis_not_clinically_prespecified
binary_20260719_044949_c6c955a30fc2,IDH,Updated MLP,0.55,0.14235436802904827,sensitivity_analysis_not_clinically_prespecified
binary_20260719_044949_c6c955a30fc2,IDH,Updated MLP,0.56,0.1397728033702051,sensitivity_analysis_not_clinically_prespecified
binary_20260719_044949_c6c955a30fc2,IDH,Updated MLP,0.5700000000000001,0.13649806344306897,sensitivity_analysis_not_clinically_prespecified
binary_20260719_044949_c6c955a30fc2,IDH,Updated MLP,0.5800000000000001,0.13281865347759672,sensitivity_analysis_not_clinically_prespecified
binary_20260719_044949_c6c955a30fc2,IDH,Updated MLP,0.59,0.12866168071042527,sensitivity_analysis_not_clinically_prespecified
binary_20260719_044949_c6c955a30fc2,IDH,Updated MLP,0.6,0.12499162927743922,sensitivity_analysis_not_clinically_prespecified
binary_20260719_044949_c6c955a30fc2,IDH,Target-local logistic,0.01,0.3811546794537486,sensitivity_analysis_not_clinically_prespecified
binary_20260719_044949_c6c955a30fc2,IDH,Target-local logistic,0.02,0.37463595898414276,sensitivity_analysis_not_clinically_prespecified
binary_20260719_044949_c6c955a30fc2,IDH,Target-local logistic,0.03,0.3680705087535321,sensitivity_analysis_not_clinically_prespecified
binary_20260719_044949_c6c955a30fc2,IDH,Target-local logistic,0.04,0.36165288287684993,sensitivity_analysis_not_clinically_prespecified
binary_20260719_044949_c6c955a30fc2,IDH,Target-local logistic,0.05,0.35516006583793575,sensitivity_analysis_not_clinically_prespecified
binary_20260719_044949_c6c955a30fc2,IDH,Target-local logistic,0.060000000000000005,0.3486302648282898,sensitivity_analysis_not_clinically_prespecified
binary_20260719_044949_c6c955a30fc2,IDH,Target-local logistic,0.06999999999999999,0.3418988327072393,sensitivity_analysis_not_clinically_prespecified
binary_20260719_044949_c6c955a30fc2,IDH,Target-local logistic,0.08,0.33605175581364877,sensitivity_analysis_not_clinically_prespecified
binary_20260719_044949_c6c955a30fc2,IDH,Target-local logistic,0.09,0.32991427644210075,sensitivity_analysis_not_clinically_prespecified
binary_20260719_044949_c6c955a30fc2,IDH,Target-local logistic,0.09999999999999999,0.3239581240652693,sensitivity_analysis_not_clinically_prespecified
binary_20260719_044949_c6c955a30fc2,IDH,Target-local logistic,0.11,0.3182740585852764,sensitivity_analysis_not_clinically_prespecified
binary_20260719_044949_c6c955a30fc2,IDH,Target-local logistic,0.12,0.31250494633605863,sensitivity_analysis_not_clinically_prespecified
binary_20260719_044949_c6c955a30fc2,IDH,Target-local logistic,0.13,0.30703848838990405,sensitivity_analysis_not_clinically_prespecified
binary_20260719_044949_c6c955a30fc2,IDH,Target-local logistic,0.14,0.30180231390131734,sensitivity_analysis_not_clinically_prespecified
binary_20260719_044949_c6c955a30fc2,IDH,Target-local logistic,0.15000000000000002,0.29657371553724277,sensitivity_analysis_not_clinically_prespecified
binary_20260719_044949_c6c955a30fc2,IDH,Target-local logistic,0.16,0.2915179866897539,sensitivity_analysis_not_clinically_prespecified
binary_20260719_044949_c6c955a30fc2,IDH,Target-local logistic,0.17,0.28698790339823094,sensitivity_analysis_not_clinically_prespecified
binary_20260719_044949_c6c955a30fc2,IDH,Target-local logistic,0.18000000000000002,0.28260457686609947,sensitivity_analysis_not_clinically_prespecified
binary_20260719_044949_c6c955a30fc2,IDH,Target-local logistic,0.19,0.27828126123847013,sensitivity_analysis_not_clinically_prespecified
binary_20260719_044949_c6c955a30fc2,IDH,Target-local logistic,0.2,0.273915154356124,sensitivity_analysis_not_clinically_prespecified
binary_20260719_044949_c6c955a30fc2,IDH,Target-local logistic,0.21000000000000002,0.269209218899269,sensitivity_analysis_not_clinically_prespecified
binary_20260719_044949_c6c955a30fc2,IDH,Target-local logistic,0.22,0.26497157388471926,sensitivity_analysis_not_clinically_prespecified
binary_20260719_044949_c6c955a30fc2,IDH,Target-local logistic,0.23,0.26041470081515616,sensitivity_analysis_not_clinically_prespecified
binary_20260719_044949_c6c955a30fc2,IDH,Target-local logistic,0.24000000000000002,0.25641902251107573,sensitivity_analysis_not_clinically_prespecified
binary_20260719_044949_c6c955a30fc2,IDH,Target-local logistic,0.25,0.25307484542065667,sensitivity_analysis_not_clinically_prespecified
binary_20260719_044949_c6c955a30fc2,IDH,Target-local logistic,0.26,0.24853987450250759,sensitivity_analysis_not_clinically_prespecified
binary_20260719_044949_c6c955a30fc2,IDH,Target-local logistic,0.27,0.24503971621186504,sensitivity_analysis_not_clinically_prespecified
binary_20260719_044949_c6c955a30fc2,IDH,Target-local logistic,0.28,0.24154184989248267,sensitivity_analysis_not_clinically_prespecified
binary_20260719_044949_c6c955a30fc2,IDH,Target-local logistic,0.29000000000000004,0.23799638384785374,sensitivity_analysis_not_clinically_prespecified
binary_20260719_044949_c6c955a30fc2,IDH,Target-local logistic,0.3,0.2339497373984751,sensitivity_analysis_not_clinically_prespecified
binary_20260719_044949_c6c955a30fc2,IDH,Target-local logistic,0.31,0.23039528250339442,sensitivity_analysis_not_clinically_prespecified
binary_20260719_044949_c6c955a30fc2,IDH,Target-local logistic,0.32,0.22653341789404438,sensitivity_analysis_not_clinically_prespecified
binary_20260719_044949_c6c955a30fc2,IDH,Target-local logistic,0.33,0.22312848134603214,sensitivity_analysis_not_clinically_prespecified
binary_20260719_044949_c6c955a30fc2,IDH,Target-local logistic,0.34,0.22000288155782693,sensitivity_analysis_not_clinically_prespecified
binary_20260719_044949_c6c955a30fc2,IDH,Target-local logistic,0.35000000000000003,0.21636901235776207,sensitivity_analysis_not_clinically_prespecified
binary_20260719_044949_c6c955a30fc2,IDH,Target-local logistic,0.36000000000000004,0.21256612870823005,sensitivity_analysis_not_clinically_prespecified
binary_20260719_044949_c6c955a30fc2,IDH,Target-local logistic,0.37,0.20893589248909678,sensitivity_analysis_not_clinically_prespecified
binary_20260719_044949_c6c955a30fc2,IDH,Target-local logistic,0.38,0.2048548030666007,sensitivity_analysis_not_clinically_prespecified
binary_20260719_044949_c6c955a30fc2,IDH,Target-local logistic,0.39,0.2012524796550274,sensitivity_analysis_not_clinically_prespecified
binary_20260719_044949_c6c955a30fc2,IDH,Target-local logistic,0.4,0.1980178128976093,sensitivity_analysis_not_clinically_prespecified
binary_20260719_044949_c6c955a30fc2,IDH,Target-local logistic,0.41000000000000003,0.19445103382679924,sensitivity_analysis_not_clinically_prespecified
binary_20260719_044949_c6c955a30fc2,IDH,Target-local logistic,0.42000000000000004,0.19006966750335408,sensitivity_analysis_not_clinically_prespecified
binary_20260719_044949_c6c955a30fc2,IDH,Target-local logistic,0.43,0.18628470325347957,sensitivity_analysis_not_clinically_prespecified
binary_20260719_044949_c6c955a30fc2,IDH,Target-local logistic,0.44,0.18231194573858472,sensitivity_analysis_not_clinically_prespecified
binary_20260719_044949_c6c955a30fc2,IDH,Target-local logistic,0.45,0.17854294637258541,sensitivity_analysis_not_clinically_prespecified
binary_20260719_044949_c6c955a30fc2,IDH,Target-local logistic,0.46,0.17520480367865351,sensitivity_analysis_not_clinically_prespecified
binary_20260719_044949_c6c955a30fc2,IDH,Target-local logistic,0.47000000000000003,0.17132689535270118,sensitivity_analysis_not_clinically_prespecified
binary_20260719_044949_c6c955a30fc2,IDH,Target-local logistic,0.48000000000000004,0.16647177907473898,sensitivity_analysis_not_clinically_prespecified
binary_20260719_044949_c6c955a30fc2,IDH,Target-local logistic,0.49,0.16370375914378343,sensitivity_analysis_not_clinically_prespecified
binary_20260719_044949_c6c955a30fc2,IDH,Target-local logistic,0.5,0.1604500100448671,sensitivity_analysis_not_clinically_prespecified
binary_20260719_044949_c6c955a30fc2,IDH,Target-local logistic,0.51,0.1556318904713161,sensitivity_analysis_not_clinically_prespecified
binary_20260719_044949_c6c955a30fc2,IDH,Target-local logistic,0.52,0.15145427353289137,sensitivity_analysis_not_clinically_prespecified
binary_20260719_044949_c6c955a30fc2,IDH,Target-local logistic,0.53,0.14847738337624367,sensitivity_analysis_not_clinically_prespecified
binary_20260719_044949_c6c955a30fc2,IDH,Target-local logistic,0.54,0.14555157966453056,sensitivity_analysis_not_clinically_prespecified
binary_20260719_044949_c6c955a30fc2,IDH,Target-local logistic,0.55,0.14274872206968903,sensitivity_analysis_not_clinically_prespecified
binary_20260719_044949_c6c955a30fc2,IDH,Target-local logistic,0.56,0.13870439478153934,sensitivity_analysis_not_clinically_prespecified
binary_20260719_044949_c6c955a30fc2,IDH,Target-local logistic,0.5700000000000001,0.13475539580669624,sensitivity_analysis_not_clinically_prespecified
binary_20260719_044949_c6c955a30fc2,IDH,Target-local logistic,0.5800000000000001,0.13064386003514106,sensitivity_analysis_not_clinically_prespecified
binary_20260719_044949_c6c955a30fc2,IDH,Target-local logistic,0.59,0.1274497634147975,sensitivity_analysis_not_clinically_prespecified
binary_20260719_044949_c6c955a30fc2,IDH,Target-local logistic,0.6,0.1243889372530637,sensitivity_analysis_not_clinically_prespecified
binary_20260719_044949_c6c955a30fc2,IDH,Alert all,0.01,0.38137823693304845,sensitivity_analysis_not_clinically_prespecified
binary_20260719_044949_c6c955a30fc2,IDH,Alert none,0.01,0.0,sensitivity_analysis_not_clinically_prespecified
binary_20260719_044949_c6c955a30fc2,IDH,Alert all,0.02,0.3750657699629775,sensitivity_analysis_not_clinically_prespecified
binary_20260719_044949_c6c955a30fc2,IDH,Alert none,0.02,0.0,sensitivity_analysis_not_clinically_prespecified
binary_20260719_044949_c6c955a30fc2,IDH,Alert all,0.03,0.3686231490347608,sensitivity_analysis_not_clinically_prespecified
binary_20260719_044949_c6c955a30fc2,IDH,Alert none,0.03,0.0,sensitivity_analysis_not_clinically_prespecified
binary_20260719_044949_c6c955a30fc2,IDH,Alert all,0.04,0.36204630683720623,sensitivity_analysis_not_clinically_prespecified
binary_20260719_044949_c6c955a30fc2,IDH,Alert none,0.04,0.0,sensitivity_analysis_not_clinically_prespecified
binary_20260719_044949_c6c955a30fc2,IDH,Alert all,0.05,0.35533100480391366,sensitivity_analysis_not_clinically_prespecified
binary_20260719_044949_c6c955a30fc2,IDH,Alert none,0.05,0.0,sensitivity_analysis_not_clinically_prespecified
binary_20260719_044949_c6c955a30fc2,IDH,Alert all,0.060000000000000005,0.3484728240039553,sensitivity_analysis_not_clinically_prespecified
binary_20260719_044949_c6c955a30fc2,IDH,Alert none,0.060000000000000005,0.0,sensitivity_analysis_not_clinically_prespecified
binary_20260719_044949_c6c955a30fc2,IDH,Alert all,0.06999999999999999,0.34146715544485806,sensitivity_analysis_not_clinically_prespecified
binary_20260719_044949_c6c955a30fc2,IDH,Alert none,0.06999999999999999,0.0,sensitivity_analysis_not_clinically_prespecified
binary_20260719_044949_c6c955a30fc2,IDH,Alert all,0.08,0.3343091897431717,sensitivity_analysis_not_clinically_prespecified
binary_20260719_044949_c6c955a30fc2,IDH,Alert none,0.08,0.0,sensitivity_analysis_not_clinically_prespecified
binary_20260719_044949_c6c955a30fc2,IDH,Alert all,0.09,0.3269939061139758,sensitivity_analysis_not_clinically_prespecified
binary_20260719_044949_c6c955a30fc2,IDH,Alert none,0.09,0.0,sensitivity_analysis_not_clinically_prespecified
binary_20260719_044949_c6c955a30fc2,IDH,Alert all,0.09999999999999999,0.3195160606263533,sensitivity_analysis_not_clinically_prespecified
binary_20260719_044949_c6c955a30fc2,IDH,Alert none,0.09999999999999999,0.0,sensitivity_analysis_not_clinically_prespecified
binary_20260719_044949_c6c955a30fc2,IDH,Alert all,0.11,0.31187017366709885,sensitivity_analysis_not_clinically_prespecified
binary_20260719_044949_c6c955a30fc2,IDH,Alert none,0.11,0.0,sensitivity_analysis_not_clinically_prespecified
binary_20260719_044949_c6c955a30fc2,IDH,Alert all,0.12,0.3040505165496795,sensitivity_analysis_not_clinically_prespecified
binary_20260719_044949_c6c955a30fc2,IDH,Alert none,0.12,0.0,sensitivity_analysis_not_clinically_prespecified
binary_20260719_044949_c6c955a30fc2,IDH,Alert all,0.13,0.2960510971996758,sensitivity_analysis_not_clinically_prespecified
binary_20260719_044949_c6c955a30fc2,IDH,Alert none,0.13,0.0,sensitivity_analysis_not_clinically_prespecified
binary_20260719_044949_c6c955a30fc2,IDH,Alert all,0.14,0.28786564484153254,sensitivity_analysis_not_clinically_prespecified
binary_20260719_044949_c6c955a30fc2,IDH,Alert none,0.14,0.0,sensitivity_analysis_not_clinically_prespecified
binary_20260719_044949_c6c955a30fc2,IDH,Alert all,0.15000000000000002,0.2794875936043741,sensitivity_analysis_not_clinically_prespecified
binary_20260719_044949_c6c955a30fc2,IDH,Alert none,0.15000000000000002,0.0,sensitivity_analysis_not_clinically_prespecified
binary_20260719_044949_c6c955a30fc2,IDH,Alert all,0.16,0.27091006495680714,sensitivity_analysis_not_clinically_prespecified
binary_20260719_044949_c6c955a30fc2,IDH,Alert none,0.16,0.0,sensitivity_analysis_not_clinically_prespecified
binary_20260719_044949_c6c955a30fc2,IDH,Alert all,0.17,0.26212584887194934,sensitivity_analysis_not_clinically_prespecified
binary_20260719_044949_c6c955a30fc2,IDH,Alert none,0.17,0.0,sensitivity_analysis_not_clinically_prespecified
binary_20260719_044949_c6c955a30fc2,IDH,Alert all,0.18000000000000002,0.2531273836142902,sensitivity_analysis_not_clinically_prespecified
binary_20260719_044949_c6c955a30fc2,IDH,Alert none,0.18000000000000002,0.0,sensitivity_analysis_not_clinically_prespecified
binary_20260719_044949_c6c955a30fc2,IDH,Alert all,0.19,0.24390673402928145,sensitivity_analysis_not_clinically_prespecified
binary_20260719_044949_c6c955a30fc2,IDH,Alert none,0.19,0.0,sensitivity_analysis_not_clinically_prespecified
binary_20260719_044949_c6c955a30fc2,IDH,Alert all,0.2,0.23445556820464747,sensitivity_analysis_not_clinically_prespecified
binary_20260719_044949_c6c955a30fc2,IDH,Alert none,0.2,0.0,sensitivity_analysis_not_clinically_prespecified
binary_20260719_044949_c6c955a30fc2,IDH,Alert all,0.21000000000000002,0.22476513235913667,sensitivity_analysis_not_clinically_prespecified
binary_20260719_044949_c6c955a30fc2,IDH,Alert none,0.21000000000000002,0.0,sensitivity_analysis_not_clinically_prespecified
binary_20260719_044949_c6c955a30fc2,IDH,Alert all,0.22,0.21482622379963845,sensitivity_analysis_not_clinically_prespecified
binary_20260719_044949_c6c955a30fc2,IDH,Alert none,0.22,0.0,sensitivity_analysis_not_clinically_prespecified
binary_20260719_044949_c6c955a30fc2,IDH,Alert all,0.23,0.20462916177106233,sensitivity_analysis_not_clinically_prespecified
binary_20260719_044949_c6c955a30fc2,IDH,Alert none,0.23,0.0,sensitivity_analysis_not_clinically_prespecified
binary_20260719_044949_c6c955a30fc2,IDH,Alert all,0.24000000000000002,0.19416375600489205,sensitivity_analysis_not_clinically_prespecified
binary_20260719_044949_c6c955a30fc2,IDH,Alert none,0.24000000000000002,0.0,sensitivity_analysis_not_clinically_prespecified
binary_20260719_044949_c6c955a30fc2,IDH,Alert all,0.25,0.18341927275162398,sensitivity_analysis_not_clinically_prespecified
binary_20260719_044949_c6c955a30fc2,IDH,Alert none,0.25,0.0,sensitivity_analysis_not_clinically_prespecified
binary_20260719_044949_c6c955a30fc2,IDH,Alert all,0.26,0.17238439805907835,sensitivity_analysis_not_clinically_prespecified
binary_20260719_044949_c6c955a30fc2,IDH,Alert none,0.26,0.0,sensitivity_analysis_not_clinically_prespecified
binary_20260719_044949_c6c955a30fc2,IDH,Alert all,0.27,0.16104719803249037,sensitivity_analysis_not_clinically_prespecified
binary_20260719_044949_c6c955a30fc2,IDH,Alert none,0.27,0.0,sensitivity_analysis_not_clinically_prespecified
binary_20260719_044949_c6c955a30fc2,IDH,Alert all,0.28,0.14939507578294162,sensitivity_analysis_not_clinically_prespecified
binary_20260719_044949_c6c955a30fc2,IDH,Alert none,0.28,0.0,sensitivity_analysis_not_clinically_prespecified
binary_20260719_044949_c6c955a30fc2,IDH,Alert all,0.29000000000000004,0.13741472473763094,sensitivity_analysis_not_clinically_prespecified
binary_20260719_044949_c6c955a30fc2,IDH,Alert none,0.29000000000000004,0.0,sensitivity_analysis_not_clinically_prespecified
binary_20260719_044949_c6c955a30fc2,IDH,Alert all,0.3,0.12509207794816857,sensitivity_analysis_not_clinically_prespecified
binary_20260719_044949_c6c955a30fc2,IDH,Alert none,0.3,0.0,sensitivity_analysis_not_clinically_prespecified
binary_20260719_044949_c6c955a30fc2,IDH,Alert all,0.31,0.11241225299089563,sensitivity_analysis_not_clinically_prespecified
binary_20260719_044949_c6c955a30fc2,IDH,Alert none,0.31,0.0,sensitivity_analysis_not_clinically_prespecified
binary_20260719_044949_c6c955a30fc2,IDH,Alert all,0.32,0.09935949200546762,sensitivity_analysis_not_clinically_prespecified
binary_20260719_044949_c6c955a30fc2,IDH,Alert none,0.32,0.0,sensitivity_analysis_not_clinically_prespecified
binary_20260719_044949_c6c955a30fc2,IDH,Alert all,0.33,0.08591709636375816,sensitivity_analysis_not_clinically_prespecified
binary_20260719_044949_c6c955a30fc2,IDH,Alert none,0.33,0.0,sensitivity_analysis_not_clinically_prespecified
binary_20260719_044949_c6c955a30fc2,IDH,Alert all,0.34,0.07206735539957265,sensitivity_analysis_not_clinically_prespecified
binary_20260719_044949_c6c955a30fc2,IDH,Alert none,0.34,0.0,sensitivity_analysis_not_clinically_prespecified
binary_20260719_044949_c6c955a30fc2,IDH,Alert all,0.35000000000000003,0.05779146855956602,sensitivity_analysis_not_clinically_prespecified
binary_20260719_044949_c6c955a30fc2,IDH,Alert none,0.35000000000000003,0.0,sensitivity_analysis_not_clinically_prespecified
binary_20260719_044949_c6c955a30fc2,IDH,Alert all,0.36000000000000004,0.043069460255809267,sensitivity_analysis_not_clinically_prespecified
binary_20260719_044949_c6c955a30fc2,IDH,Alert none,0.36000000000000004,0.0,sensitivity_analysis_not_clinically_prespecified
binary_20260719_044949_c6c955a30fc2,IDH,Alert all,0.37,0.027880086609076205,sensitivity_analysis_not_clinically_prespecified
binary_20260719_044949_c6c955a30fc2,IDH,Alert none,0.37,0.0,sensitivity_analysis_not_clinically_prespecified
binary_20260719_044949_c6c955a30fc2,IDH,Alert all,0.38,0.012200733167287037,sensitivity_analysis_not_clinically_prespecified
binary_20260719_044949_c6c955a30fc2,IDH,Alert none,0.38,0.0,sensitivity_analysis_not_clinically_prespecified
binary_20260719_044949_c6c955a30fc2,IDH,Alert all,0.39,-0.003992697436527914,sensitivity_analysis_not_clinically_prespecified
binary_20260719_044949_c6c955a30fc2,IDH,Alert none,0.39,0.0,sensitivity_analysis_not_clinically_prespecified
binary_20260719_044949_c6c955a30fc2,IDH,Alert all,0.4,-0.02072590906047006,sensitivity_analysis_not_clinically_prespecified
binary_20260719_044949_c6c955a30fc2,IDH,Alert none,0.4,0.0,sensitivity_analysis_not_clinically_prespecified
binary_20260719_044949_c6c955a30fc2,IDH,Alert all,0.41000000000000003,-0.03802634819708817,sensitivity_analysis_not_clinically_prespecified
binary_20260719_044949_c6c955a30fc2,IDH,Alert none,0.41000000000000003,0.0,sensitivity_analysis_not_clinically_prespecified
binary_20260719_044949_c6c955a30fc2,IDH,Alert all,0.42000000000000004,-0.05592335420048633,sensitivity_analysis_not_clinically_prespecified
binary_20260719_044949_c6c955a30fc2,IDH,Alert none,0.42000000000000004,0.0,sensitivity_analysis_not_clinically_prespecified
binary_20260719_044949_c6c955a30fc2,IDH,Alert all,0.43,-0.0744483253268105,sensitivity_analysis_not_clinically_prespecified
binary_20260719_044949_c6c955a30fc2,IDH,Alert none,0.43,0.0,sensitivity_analysis_not_clinically_prespecified
binary_20260719_044949_c6c955a30fc2,IDH,Alert all,0.44,-0.09363490256478924,sensitivity_analysis_not_clinically_prespecified
binary_20260719_044949_c6c955a30fc2,IDH,Alert none,0.44,0.0,sensitivity_analysis_not_clinically_prespecified
binary_20260719_044949_c6c955a30fc2,IDH,Alert all,0.45,-0.11351917352051272,sensitivity_analysis_not_clinically_prespecified
binary_20260719_044949_c6c955a30fc2,IDH,Alert none,0.45,0.0,sensitivity_analysis_not_clinically_prespecified
binary_20260719_044949_c6c955a30fc2,IDH,Alert all,0.46,-0.13413989895607775,sensitivity_analysis_not_clinically_prespecified
binary_20260719_044949_c6c955a30fc2,IDH,Alert none,0.46,0.0,sensitivity_analysis_not_clinically_prespecified
binary_20260719_044949_c6c955a30fc2,IDH,Alert all,0.47000000000000003,-0.15553876497411706,sensitivity_analysis_not_clinically_prespecified
binary_20260719_044949_c6c955a30fc2,IDH,Alert none,0.47000000000000003,0.0,sensitivity_analysis_not_clinically_prespecified
binary_20260719_044949_c6c955a30fc2,IDH,Alert all,0.48000000000000004,-0.17776066430054244,sensitivity_analysis_not_clinically_prespecified
binary_20260719_044949_c6c955a30fc2,IDH,Alert none,0.48000000000000004,0.0,sensitivity_analysis_not_clinically_prespecified
binary_20260719_044949_c6c955a30fc2,IDH,Alert all,0.49,-0.20085401065937641,sensitivity_analysis_not_clinically_prespecified
binary_20260719_044949_c6c955a30fc2,IDH,Alert none,0.49,0.0,sensitivity_analysis_not_clinically_prespecified
binary_20260719_044949_c6c955a30fc2,IDH,Alert all,0.5,-0.22487109087256402,sensitivity_analysis_not_clinically_prespecified
binary_20260719_044949_c6c955a30fc2,IDH,Alert none,0.5,0.0,sensitivity_analysis_not_clinically_prespecified
binary_20260719_044949_c6c955a30fc2,IDH,Alert all,0.51,-0.249868460074045,sensitivity_analysis_not_clinically_prespecified
binary_20260719_044949_c6c955a30fc2,IDH,Alert none,0.51,0.0,sensitivity_analysis_not_clinically_prespecified
binary_20260719_044949_c6c955a30fc2,IDH,Alert all,0.52,-0.2759073863255876,sensitivity_analysis_not_clinically_prespecified
binary_20260719_044949_c6c955a30fc2,IDH,Alert none,0.52,0.0,sensitivity_analysis_not_clinically_prespecified
binary_20260719_044949_c6c955a30fc2,IDH,Alert all,0.53,-0.30305435199208947,sensitivity_analysis_not_clinically_prespecified
binary_20260719_044949_c6c955a30fc2,IDH,Alert none,0.53,0.0,sensitivity_analysis_not_clinically_prespecified
binary_20260719_044949_c6c955a30fc2,IDH,Alert all,0.54,-0.33138162051365666,sensitivity_analysis_not_clinically_prespecified
binary_20260719_044949_c6c955a30fc2,IDH,Alert none,0.54,0.0,sensitivity_analysis_not_clinically_prespecified
binary_20260719_044949_c6c955a30fc2,IDH,Alert all,0.55,-0.36096787874729347,sensitivity_analysis_not_clinically_prespecified
binary_20260719_044949_c6c955a30fc2,IDH,Alert none,0.55,0.0,sensitivity_analysis_not_clinically_prespecified
binary_20260719_044949_c6c955a30fc2,IDH,Alert all,0.56,-0.391898966900641,sensitivity_analysis_not_clinically_prespecified
binary_20260719_044949_c6c955a30fc2,IDH,Alert none,0.56,0.0,sensitivity_analysis_not_clinically_prespecified
binary_20260719_044949_c6c955a30fc2,IDH,Alert all,0.5700000000000001,-0.4242687103169351,sensitivity_analysis_not_clinically_prespecified
binary_20260719_044949_c6c955a30fc2,IDH,Alert none,0.5700000000000001,0.0,sensitivity_analysis_not_clinically_prespecified
binary_20260719_044949_c6c955a30fc2,IDH,Alert all,0.5800000000000001,-0.4581798700863859,sensitivity_analysis_not_clinically_prespecified
binary_20260719_044949_c6c955a30fc2,IDH,Alert none,0.5800000000000001,0.0,sensitivity_analysis_not_clinically_prespecified
binary_20260719_044949_c6c955a30fc2,IDH,Alert all,0.59,-0.4937452327714194,sensitivity_analysis_not_clinically_prespecified
binary_20260719_044949_c6c955a30fc2,IDH,Alert none,0.59,0.0,sensitivity_analysis_not_clinically_prespecified
binary_20260719_044949_c6c955a30fc2,IDH,Alert all,0.6,-0.531088863590705,sensitivity_analysis_not_clinically_prespecified
binary_20260719_044949_c6c955a30fc2,IDH,Alert none,0.6,0.0,sensitivity_analysis_not_clinically_prespecified
binary_20260719_044949_c6c955a30fc2,IH,Source MLP,0.01,0.11470257385344776,sensitivity_analysis_not_clinically_prespecified
binary_20260719_044949_c6c955a30fc2,IH,Source MLP,0.02,0.10620431122961471,sensitivity_analysis_not_clinically_prespecified
binary_20260719_044949_c6c955a30fc2,IH,Source MLP,0.03,0.09837790930071846,sensitivity_analysis_not_clinically_prespecified
binary_20260719_044949_c6c955a30fc2,IH,Source MLP,0.04,0.0911669345297886,sensitivity_analysis_not_clinically_prespecified
binary_20260719_044949_c6c955a30fc2,IH,Source MLP,0.05,0.0852721101622334,sensitivity_analysis_not_clinically_prespecified
binary_20260719_044949_c6c955a30fc2,IH,Source MLP,0.060000000000000005,0.08064389735143213,sensitivity_analysis_not_clinically_prespecified
binary_20260719_044949_c6c955a30fc2,IH,Source MLP,0.06999999999999999,0.07652712582150092,sensitivity_analysis_not_clinically_prespecified
binary_20260719_044949_c6c955a30fc2,IH,Source MLP,0.08,0.0735575425305495,sensitivity_analysis_not_clinically_prespecified
binary_20260719_044949_c6c955a30fc2,IH,Source MLP,0.09,0.07083949332660242,sensitivity_analysis_not_clinically_prespecified
binary_20260719_044949_c6c955a30fc2,IH,Source MLP,0.09999999999999999,0.0684650699048342,sensitivity_analysis_not_clinically_prespecified
binary_20260719_044949_c6c955a30fc2,IH,Source MLP,0.11,0.06636384088629588,sensitivity_analysis_not_clinically_prespecified
binary_20260719_044949_c6c955a30fc2,IH,Source MLP,0.12,0.06399189105276296,sensitivity_analysis_not_clinically_prespecified
binary_20260719_044949_c6c955a30fc2,IH,Source MLP,0.13,0.061827503846683764,sensitivity_analysis_not_clinically_prespecified
binary_20260719_044949_c6c955a30fc2,IH,Source MLP,0.14,0.06034473360856788,sensitivity_analysis_not_clinically_prespecified
binary_20260719_044949_c6c955a30fc2,IH,Source MLP,0.15000000000000002,0.058386282256825586,sensitivity_analysis_not_clinically_prespecified
binary_20260719_044949_c6c955a30fc2,IH,Source MLP,0.16,0.0565733291240557,sensitivity_analysis_not_clinically_prespecified
binary_20260719_044949_c6c955a30fc2,IH,Source MLP,0.17,0.054986570537154306,sensitivity_analysis_not_clinically_prespecified
binary_20260719_044949_c6c955a30fc2,IH,Source MLP,0.18000000000000002,0.052818851030538023,sensitivity_analysis_not_clinically_prespecified
binary_20260719_044949_c6c955a30fc2,IH,Source MLP,0.19,0.05024335033933462,sensitivity_analysis_not_clinically_prespecified
binary_20260719_044949_c6c955a30fc2,IH,Source MLP,0.2,0.048098171834192724,sensitivity_analysis_not_clinically_prespecified
binary_20260719_044949_c6c955a30fc2,IH,Source MLP,0.21000000000000002,0.04638567034017769,sensitivity_analysis_not_clinically_prespecified
binary_20260719_044949_c6c955a30fc2,IH,Source MLP,0.22,0.044151054195921274,sensitivity_analysis_not_clinically_prespecified
binary_20260719_044949_c6c955a30fc2,IH,Source MLP,0.23,0.04228367226425219,sensitivity_analysis_not_clinically_prespecified
binary_20260719_044949_c6c955a30fc2,IH,Source MLP,0.24000000000000002,0.040160083460509574,sensitivity_analysis_not_clinically_prespecified
binary_20260719_044949_c6c955a30fc2,IH,Source MLP,0.25,0.037991919462488005,sensitivity_analysis_not_clinically_prespecified
binary_20260719_044949_c6c955a30fc2,IH,Source MLP,0.26,0.03583302716095858,sensitivity_analysis_not_clinically_prespecified
binary_20260719_044949_c6c955a30fc2,IH,Source MLP,0.27,0.03287607019114602,sensitivity_analysis_not_clinically_prespecified
binary_20260719_044949_c6c955a30fc2,IH,Source MLP,0.28,0.03084146223502013,sensitivity_analysis_not_clinically_prespecified
binary_20260719_044949_c6c955a30fc2,IH,Source MLP,0.29000000000000004,0.029006557930587613,sensitivity_analysis_not_clinically_prespecified
binary_20260719_044949_c6c955a30fc2,IH,Source MLP,0.3,0.027412920569017802,sensitivity_analysis_not_clinically_prespecified
binary_20260719_044949_c6c955a30fc2,IH,Source MLP,0.31,0.0253907065083945,sensitivity_analysis_not_clinically_prespecified
binary_20260719_044949_c6c955a30fc2,IH,Source MLP,0.32,0.023459688569729104,sensitivity_analysis_not_clinically_prespecified
binary_20260719_044949_c6c955a30fc2,IH,Source MLP,0.33,0.02158047237861453,sensitivity_analysis_not_clinically_prespecified
binary_20260719_044949_c6c955a30fc2,IH,Source MLP,0.34,0.019918261162485365,sensitivity_analysis_not_clinically_prespecified
binary_20260719_044949_c6c955a30fc2,IH,Source MLP,0.35000000000000003,0.01843877009617316,sensitivity_analysis_not_clinically_prespecified
binary_20260719_044949_c6c955a30fc2,IH,Source MLP,0.36000000000000004,0.016521713654322638,sensitivity_analysis_not_clinically_prespecified
binary_20260719_044949_c6c955a30fc2,IH,Source MLP,0.37,0.014894571413690142,sensitivity_analysis_not_clinically_prespecified
binary_20260719_044949_c6c955a30fc2,IH,Source MLP,0.38,0.01376902854254379,sensitivity_analysis_not_clinically_prespecified
binary_20260719_044949_c6c955a30fc2,IH,Source MLP,0.39,0.012725693891732802,sensitivity_analysis_not_clinically_prespecified
binary_20260719_044949_c6c955a30fc2,IH,Source MLP,0.4,0.011306055938748633,sensitivity_analysis_not_clinically_prespecified
binary_20260719_044949_c6c955a30fc2,IH,Source MLP,0.41000000000000003,0.010273572238484439,sensitivity_analysis_not_clinically_prespecified
binary_20260719_044949_c6c955a30fc2,IH,Source MLP,0.42000000000000004,0.00955994245561208,sensitivity_analysis_not_clinically_prespecified
binary_20260719_044949_c6c955a30fc2,IH,Source MLP,0.43,0.008507003798252076,sensitivity_analysis_not_clinically_prespecified
binary_20260719_044949_c6c955a30fc2,IH,Source MLP,0.44,0.007339927868287877,sensitivity_analysis_not_clinically_prespecified
binary_20260719_044949_c6c955a30fc2,IH,Source MLP,0.45,0.00688529979362364,sensitivity_analysis_not_clinically_prespecified
binary_20260719_044949_c6c955a30fc2,IH,Source MLP,0.46,0.0062240972640758355,sensitivity_analysis_not_clinically_prespecified
binary_20260719_044949_c6c955a30fc2,IH,Source MLP,0.47000000000000003,0.005520886374232578,sensitivity_analysis_not_clinically_prespecified
binary_20260719_044949_c6c955a30fc2,IH,Source MLP,0.48000000000000004,0.0050662188544730565,sensitivity_analysis_not_clinically_prespecified
binary_20260719_044949_c6c955a30fc2,IH,Source MLP,0.49,0.0042713663514022775,sensitivity_analysis_not_clinically_prespecified
binary_20260719_044949_c6c955a30fc2,IH,Source MLP,0.5,0.003683117926739436,sensitivity_analysis_not_clinically_prespecified
binary_20260719_044949_c6c955a30fc2,IH,Source MLP,0.51,0.003437121182096357,sensitivity_analysis_not_clinically_prespecified
binary_20260719_044949_c6c955a30fc2,IH,Source MLP,0.52,0.002996718676756178,sensitivity_analysis_not_clinically_prespecified
binary_20260719_044949_c6c955a30fc2,IH,Source MLP,0.53,0.0026928792578481756,sensitivity_analysis_not_clinically_prespecified
binary_20260719_044949_c6c955a30fc2,IH,Source MLP,0.54,0.0026393252178571534,sensitivity_analysis_not_clinically_prespecified
binary_20260719_044949_c6c955a30fc2,IH,Source MLP,0.55,0.0022879974999441954,sensitivity_analysis_not_clinically_prespecified
binary_20260719_044949_c6c955a30fc2,IH,Source MLP,0.56,0.002069851396845303,sensitivity_analysis_not_clinically_prespecified
binary_20260719_044949_c6c955a30fc2,IH,Source MLP,0.5700000000000001,0.0019131967750525992,sensitivity_analysis_not_clinically_prespecified
binary_20260719_044949_c6c955a30fc2,IH,Source MLP,0.5800000000000001,0.0018256147299206295,sensitivity_analysis_not_clinically_prespecified
binary_20260719_044949_c6c955a30fc2,IH,Source MLP,0.59,0.0015393962953223587,sensitivity_analysis_not_clinically_prespecified
binary_20260719_044949_c6c955a30fc2,IH,Source MLP,0.6,0.0013560570548449742,sensitivity_analysis_not_clinically_prespecified
binary_20260719_044949_c6c955a30fc2,IH,Updated MLP,0.01,0.11583625716753689,sensitivity_analysis_not_clinically_prespecified
binary_20260719_044949_c6c955a30fc2,IH,Updated MLP,0.02,0.10968311519344227,sensitivity_analysis_not_clinically_prespecified
binary_20260719_044949_c6c955a30fc2,IH,Updated MLP,0.03,0.1040900213393018,sensitivity_analysis_not_clinically_prespecified
binary_20260719_044949_c6c955a30fc2,IH,Updated MLP,0.04,0.0987619701332619,sensitivity_analysis_not_clinically_prespecified
binary_20260719_044949_c6c955a30fc2,IH,Updated MLP,0.05,0.0940692990092589,sensitivity_analysis_not_clinically_prespecified
binary_20260719_044949_c6c955a30fc2,IH,Updated MLP,0.060000000000000005,0.09015588778814876,sensitivity_analysis_not_clinically_prespecified
binary_20260719_044949_c6c955a30fc2,IH,Updated MLP,0.06999999999999999,0.08636497502464413,sensitivity_analysis_not_clinically_prespecified
binary_20260719_044949_c6c955a30fc2,IH,Updated MLP,0.08,0.0834218931517299,sensitivity_analysis_not_clinically_prespecified
binary_20260719_044949_c6c955a30fc2,IH,Updated MLP,0.09,0.08024119455178186,sensitivity_analysis_not_clinically_prespecified
binary_20260719_044949_c6c955a30fc2,IH,Updated MLP,0.09999999999999999,0.07708877430299785,sensitivity_analysis_not_clinically_prespecified
binary_20260719_044949_c6c955a30fc2,IH,Updated MLP,0.11,0.07429665238815773,sensitivity_analysis_not_clinically_prespecified
binary_20260719_044949_c6c955a30fc2,IH,Updated MLP,0.12,0.07169599970778569,sensitivity_analysis_not_clinically_prespecified
binary_20260719_044949_c6c955a30fc2,IH,Updated MLP,0.13,0.0689470439226245,sensitivity_analysis_not_clinically_prespecified
binary_20260719_044949_c6c955a30fc2,IH,Updated MLP,0.14,0.06643394760161278,sensitivity_analysis_not_clinically_prespecified
binary_20260719_044949_c6c955a30fc2,IH,Updated MLP,0.15000000000000002,0.06398580325453693,sensitivity_analysis_not_clinically_prespecified
binary_20260719_044949_c6c955a30fc2,IH,Updated MLP,0.16,0.06181419865877107,sensitivity_analysis_not_clinically_prespecified
binary_20260719_044949_c6c955a30fc2,IH,Updated MLP,0.17,0.05960801620733251,sensitivity_analysis_not_clinically_prespecified
binary_20260719_044949_c6c955a30fc2,IH,Updated MLP,0.18000000000000002,0.05732270809616286,sensitivity_analysis_not_clinically_prespecified
binary_20260719_044949_c6c955a30fc2,IH,Updated MLP,0.19,0.05536871276061883,sensitivity_analysis_not_clinically_prespecified
binary_20260719_044949_c6c955a30fc2,IH,Updated MLP,0.2,0.05338846849260029,sensitivity_analysis_not_clinically_prespecified
binary_20260719_044949_c6c955a30fc2,IH,Updated MLP,0.21000000000000002,0.051606034379723095,sensitivity_analysis_not_clinically_prespecified
binary_20260719_044949_c6c955a30fc2,IH,Updated MLP,0.22,0.04943791671173979,sensitivity_analysis_not_clinically_prespecified
binary_20260719_044949_c6c955a30fc2,IH,Updated MLP,0.23,0.04786879229389107,sensitivity_analysis_not_clinically_prespecified
binary_20260719_044949_c6c955a30fc2,IH,Updated MLP,0.24000000000000002,0.0458927067216021,sensitivity_analysis_not_clinically_prespecified
binary_20260719_044949_c6c955a30fc2,IH,Updated MLP,0.25,0.04416393223063014,sensitivity_analysis_not_clinically_prespecified
binary_20260719_044949_c6c955a30fc2,IH,Updated MLP,0.26,0.04251512612190306,sensitivity_analysis_not_clinically_prespecified
binary_20260719_044949_c6c955a30fc2,IH,Updated MLP,0.27,0.041244958073000035,sensitivity_analysis_not_clinically_prespecified
binary_20260719_044949_c6c955a30fc2,IH,Updated MLP,0.28,0.04011808299292395,sensitivity_analysis_not_clinically_prespecified
binary_20260719_044949_c6c955a30fc2,IH,Updated MLP,0.29000000000000004,0.03890287415243486,sensitivity_analysis_not_clinically_prespecified
binary_20260719_044949_c6c955a30fc2,IH,Updated MLP,0.3,0.03739082186145737,sensitivity_analysis_not_clinically_prespecified
binary_20260719_044949_c6c955a30fc2,IH,Updated MLP,0.31,0.03643569295510284,sensitivity_analysis_not_clinically_prespecified
binary_20260719_044949_c6c955a30fc2,IH,Updated MLP,0.32,0.03447949862326233,sensitivity_analysis_not_clinically_prespecified
binary_20260719_044949_c6c955a30fc2,IH,Updated MLP,0.33,0.03285321200866357,sensitivity_analysis_not_clinically_prespecified
binary_20260719_044949_c6c955a30fc2,IH,Updated MLP,0.34,0.031548999673288156,sensitivity_analysis_not_clinically_prespecified
binary_20260719_044949_c6c955a30fc2,IH,Updated MLP,0.35000000000000003,0.03045912769344095,sensitivity_analysis_not_clinically_prespecified
binary_20260719_044949_c6c955a30fc2,IH,Updated MLP,0.36000000000000004,0.02959050425232705,sensitivity_analysis_not_clinically_prespecified
binary_20260719_044949_c6c955a30fc2,IH,Updated MLP,0.37,0.0283488470724793,sensitivity_analysis_not_clinically_prespecified
binary_20260719_044949_c6c955a30fc2,IH,Updated MLP,0.38,0.02729071573458221,sensitivity_analysis_not_clinically_prespecified
binary_20260719_044949_c6c955a30fc2,IH,Updated MLP,0.39,0.026123790087527566,sensitivity_analysis_not_clinically_prespecified
binary_20260719_044949_c6c955a30fc2,IH,Updated MLP,0.4,0.024933592267684542,sensitivity_analysis_not_clinically_prespecified
binary_20260719_044949_c6c955a30fc2,IH,Updated MLP,0.41000000000000003,0.024642272205682558,sensitivity_analysis_not_clinically_prespecified
binary_20260719_044949_c6c955a30fc2,IH,Updated MLP,0.42000000000000004,0.02437669867938862,sensitivity_analysis_not_clinically_prespecified
binary_20260719_044949_c6c955a30fc2,IH,Updated MLP,0.43,0.023275895491088265,sensitivity_analysis_not_clinically_prespecified
binary_20260719_044949_c6c955a30fc2,IH,Updated MLP,0.44,0.022165673340922787,sensitivity_analysis_not_clinically_prespecified
binary_20260719_044949_c6c955a30fc2,IH,Updated MLP,0.45,0.021325557185732636,sensitivity_analysis_not_clinically_prespecified
binary_20260719_044949_c6c955a30fc2,IH,Updated MLP,0.46,0.0202633491322971,sensitivity_analysis_not_clinically_prespecified
binary_20260719_044949_c6c955a30fc2,IH,Updated MLP,0.47000000000000003,0.0192103344624859,sensitivity_analysis_not_clinically_prespecified
binary_20260719_044949_c6c955a30fc2,IH,Updated MLP,0.48000000000000004,0.0184671017725327,sensitivity_analysis_not_clinically_prespecified
binary_20260719_044949_c6c955a30fc2,IH,Updated MLP,0.49,0.01760477846800677,sensitivity_analysis_not_clinically_prespecified
binary_20260719_044949_c6c955a30fc2,IH,Updated MLP,0.5,0.01754503448737695,sensitivity_analysis_not_clinically_prespecified
binary_20260719_044949_c6c955a30fc2,IH,Updated MLP,0.51,0.017649583103850258,sensitivity_analysis_not_clinically_prespecified
binary_20260719_044949_c6c955a30fc2,IH,Updated MLP,0.52,0.0166214647648385,sensitivity_analysis_not_clinically_prespecified
binary_20260719_044949_c6c955a30fc2,IH,Updated MLP,0.53,0.015682815868325328,sensitivity_analysis_not_clinically_prespecified
binary_20260719_044949_c6c955a30fc2,IH,Updated MLP,0.54,0.014451506584483154,sensitivity_analysis_not_clinically_prespecified
binary_20260719_044949_c6c955a30fc2,IH,Updated MLP,0.55,0.01391772137770932,sensitivity_analysis_not_clinically_prespecified
binary_20260719_044949_c6c955a30fc2,IH,Updated MLP,0.56,0.013177039260210757,sensitivity_analysis_not_clinically_prespecified
binary_20260719_044949_c6c955a30fc2,IH,Updated MLP,0.5700000000000001,0.012267975250693406,sensitivity_analysis_not_clinically_prespecified
binary_20260719_044949_c6c955a30fc2,IH,Updated MLP,0.5800000000000001,0.01122314592481337,sensitivity_analysis_not_clinically_prespecified
binary_20260719_044949_c6c955a30fc2,IH,Updated MLP,0.59,0.01106160361811212,sensitivity_analysis_not_clinically_prespecified
binary_20260719_044949_c6c955a30fc2,IH,Updated MLP,0.6,0.009944418402196478,sensitivity_analysis_not_clinically_prespecified
binary_20260719_044949_c6c955a30fc2,IH,Target-local logistic,0.01,0.11574426377212153,sensitivity_analysis_not_clinically_prespecified
binary_20260719_044949_c6c955a30fc2,IH,Target-local logistic,0.02,0.10971659808368535,sensitivity_analysis_not_clinically_prespecified
binary_20260719_044949_c6c955a30fc2,IH,Target-local logistic,0.03,0.10423776027769398,sensitivity_analysis_not_clinically_prespecified
binary_20260719_044949_c6c955a30fc2,IH,Target-local logistic,0.04,0.0998766713542713,sensitivity_analysis_not_clinically_prespecified
binary_20260719_044949_c6c955a30fc2,IH,Target-local logistic,0.05,0.09483059419794379,sensitivity_analysis_not_clinically_prespecified
binary_20260719_044949_c6c955a30fc2,IH,Target-local logistic,0.060000000000000005,0.09060968781123058,sensitivity_analysis_not_clinically_prespecified
binary_20260719_044949_c6c955a30fc2,IH,Target-local logistic,0.06999999999999999,0.08706559550220376,sensitivity_analysis_not_clinically_prespecified
binary_20260719_044949_c6c955a30fc2,IH,Target-local logistic,0.08,0.08318168980868168,sensitivity_analysis_not_clinically_prespecified
binary_20260719_044949_c6c955a30fc2,IH,Target-local logistic,0.09,0.07940964145343707,sensitivity_analysis_not_clinically_prespecified
binary_20260719_044949_c6c955a30fc2,IH,Target-local logistic,0.09999999999999999,0.07619589722984889,sensitivity_analysis_not_clinically_prespecified
binary_20260719_044949_c6c955a30fc2,IH,Target-local logistic,0.11,0.0736736449022864,sensitivity_analysis_not_clinically_prespecified
binary_20260719_044949_c6c955a30fc2,IH,Target-local logistic,0.12,0.07096698587022032,sensitivity_analysis_not_clinically_prespecified
binary_20260719_044949_c6c955a30fc2,IH,Target-local logistic,0.13,0.0688531378856209,sensitivity_analysis_not_clinically_prespecified
binary_20260719_044949_c6c955a30fc2,IH,Target-local logistic,0.14,0.06619411666684835,sensitivity_analysis_not_clinically_prespecified
binary_20260719_044949_c6c955a30fc2,IH,Target-local logistic,0.15000000000000002,0.063619461043642,sensitivity_analysis_not_clinically_prespecified
binary_20260719_044949_c6c955a30fc2,IH,Target-local logistic,0.16,0.06129122780164098,sensitivity_analysis_not_clinically_prespecified
binary_20260719_044949_c6c955a30fc2,IH,Target-local logistic,0.17,0.05903638662330297,sensitivity_analysis_not_clinically_prespecified
binary_20260719_044949_c6c955a30fc2,IH,Target-local logistic,0.18000000000000002,0.05680903156048235,sensitivity_analysis_not_clinically_prespecified
binary_20260719_044949_c6c955a30fc2,IH,Target-local logistic,0.19,0.05456057633561595,sensitivity_analysis_not_clinically_prespecified
binary_20260719_044949_c6c955a30fc2,IH,Target-local logistic,0.2,0.05279414719078551,sensitivity_analysis_not_clinically_prespecified
binary_20260719_044949_c6c955a30fc2,IH,Target-local logistic,0.21000000000000002,0.05095332993700978,sensitivity_analysis_not_clinically_prespecified
binary_20260719_044949_c6c955a30fc2,IH,Target-local logistic,0.22,0.04877856133464517,sensitivity_analysis_not_clinically_prespecified
binary_20260719_044949_c6c955a30fc2,IH,Target-local logistic,0.23,0.04711434015659556,sensitivity_analysis_not_clinically_prespecified
binary_20260719_044949_c6c955a30fc2,IH,Target-local logistic,0.24000000000000002,0.04503096286218795,sensitivity_analysis_not_clinically_prespecified
binary_20260719_044949_c6c955a30fc2,IH,Target-local logistic,0.25,0.04353891827942588,sensitivity_analysis_not_clinically_prespecified
binary_20260719_044949_c6c955a30fc2,IH,Target-local logistic,0.26,0.04194320215883197,sensitivity_analysis_not_clinically_prespecified
binary_20260719_044949_c6c955a30fc2,IH,Target-local logistic,0.27,0.04060878315838141,sensitivity_analysis_not_clinically_prespecified
binary_20260719_044949_c6c955a30fc2,IH,Target-local logistic,0.28,0.039267989612863374,sensitivity_analysis_not_clinically_prespecified
binary_20260719_044949_c6c955a30fc2,IH,Target-local logistic,0.29000000000000004,0.0375847800928655,sensitivity_analysis_not_clinically_prespecified
binary_20260719_044949_c6c955a30fc2,IH,Target-local logistic,0.3,0.03622370397298409,sensitivity_analysis_not_clinically_prespecified
binary_20260719_044949_c6c955a30fc2,IH,Target-local logistic,0.31,0.03480764807444265,sensitivity_analysis_not_clinically_prespecified
binary_20260719_044949_c6c955a30fc2,IH,Target-local logistic,0.32,0.03329971913763831,sensitivity_analysis_not_clinically_prespecified
binary_20260719_044949_c6c955a30fc2,IH,Target-local logistic,0.33,0.0322115399031095,sensitivity_analysis_not_clinically_prespecified
binary_20260719_044949_c6c955a30fc2,IH,Target-local logistic,0.34,0.030509000809677157,sensitivity_analysis_not_clinically_prespecified
binary_20260719_044949_c6c955a30fc2,IH,Target-local logistic,0.35000000000000003,0.029614328616538482,sensitivity_analysis_not_clinically_prespecified
binary_20260719_044949_c6c955a30fc2,IH,Target-local logistic,0.36000000000000004,0.028370471439094616,sensitivity_analysis_not_clinically_prespecified
binary_20260719_044949_c6c955a30fc2,IH,Target-local logistic,0.37,0.027516558086436882,sensitivity_analysis_not_clinically_prespecified
binary_20260719_044949_c6c955a30fc2,IH,Target-local logistic,0.38,0.026848957602020204,sensitivity_analysis_not_clinically_prespecified
binary_20260719_044949_c6c955a30fc2,IH,Target-local logistic,0.39,0.025945397639511127,sensitivity_analysis_not_clinically_prespecified
binary_20260719_044949_c6c955a30fc2,IH,Target-local logistic,0.4,0.02485546552378401,sensitivity_analysis_not_clinically_prespecified
binary_20260719_044949_c6c955a30fc2,IH,Target-local logistic,0.41000000000000003,0.024187131901022306,sensitivity_analysis_not_clinically_prespecified
binary_20260719_044949_c6c955a30fc2,IH,Target-local logistic,0.42000000000000004,0.0232948549498103,sensitivity_analysis_not_clinically_prespecified
binary_20260719_044949_c6c955a30fc2,IH,Target-local logistic,0.43,0.022355409718966948,sensitivity_analysis_not_clinically_prespecified
binary_20260719_044949_c6c955a30fc2,IH,Target-local logistic,0.44,0.021873893868804468,sensitivity_analysis_not_clinically_prespecified
binary_20260719_044949_c6c955a30fc2,IH,Target-local logistic,0.45,0.020750260253374165,sensitivity_analysis_not_clinically_prespecified
binary_20260719_044949_c6c955a30fc2,IH,Target-local logistic,0.46,0.019485802014429884,sensitivity_analysis_not_clinically_prespecified
binary_20260719_044949_c6c955a30fc2,IH,Target-local logistic,0.47000000000000003,0.01891214721352861,sensitivity_analysis_not_clinically_prespecified
binary_20260719_044949_c6c955a30fc2,IH,Target-local logistic,0.48000000000000004,0.017833502464855842,sensitivity_analysis_not_clinically_prespecified
binary_20260719_044949_c6c955a30fc2,IH,Target-local logistic,0.49,0.017080869714791426,sensitivity_analysis_not_clinically_prespecified
binary_20260719_044949_c6c955a30fc2,IH,Target-local logistic,0.5,0.016172235987410435,sensitivity_analysis_not_clinically_prespecified
binary_20260719_044949_c6c955a30fc2,IH,Target-local logistic,0.51,0.015655642823659964,sensitivity_analysis_not_clinically_prespecified
binary_20260719_044949_c6c955a30fc2,IH,Target-local logistic,0.52,0.015125895667314003,sensitivity_analysis_not_clinically_prespecified
binary_20260719_044949_c6c955a30fc2,IH,Target-local logistic,0.53,0.01428009648771605,sensitivity_analysis_not_clinically_prespecified
binary_20260719_044949_c6c955a30fc2,IH,Target-local logistic,0.54,0.013473223878250385,sensitivity_analysis_not_clinically_prespecified
binary_20260719_044949_c6c955a30fc2,IH,Target-local logistic,0.55,0.01229566136148872,sensitivity_analysis_not_clinically_prespecified
binary_20260719_044949_c6c955a30fc2,IH,Target-local logistic,0.56,0.011932084522990567,sensitivity_analysis_not_clinically_prespecified
binary_20260719_044949_c6c955a30fc2,IH,Target-local logistic,0.5700000000000001,0.011337462370682064,sensitivity_analysis_not_clinically_prespecified
binary_20260719_044949_c6c955a30fc2,IH,Target-local logistic,0.5800000000000001,0.010550299273261836,sensitivity_analysis_not_clinically_prespecified
binary_20260719_044949_c6c955a30fc2,IH,Target-local logistic,0.59,0.009954218272511531,sensitivity_analysis_not_clinically_prespecified
binary_20260719_044949_c6c955a30fc2,IH,Target-local logistic,0.6,0.009425433603428648,sensitivity_analysis_not_clinically_prespecified
binary_20260719_044949_c6c955a30fc2,IH,Alert all,0.01,0.1145973902285427,sensitivity_analysis_not_clinically_prespecified
binary_20260719_044949_c6c955a30fc2,IH,Alert none,0.01,0.0,sensitivity_analysis_not_clinically_prespecified
binary_20260719_044949_c6c955a30fc2,IH,Alert all,0.02,0.10556266972067069,sensitivity_analysis_not_clinically_prespecified
binary_20260719_044949_c6c955a30fc2,IH,Alert none,0.02,0.0,sensitivity_analysis_not_clinically_prespecified
binary_20260719_044949_c6c955a30fc2,IH,Alert all,0.03,0.09634166631572916,sensitivity_analysis_not_clinically_prespecified
binary_20260719_044949_c6c955a30fc2,IH,Alert none,0.03,0.0,sensitivity_analysis_not_clinically_prespecified
binary_20260719_044949_c6c955a30fc2,IH,Alert all,0.04,0.08692855867318466,sensitivity_analysis_not_clinically_prespecified
binary_20260719_044949_c6c955a30fc2,IH,Alert none,0.04,0.0,sensitivity_analysis_not_clinically_prespecified
binary_20260719_044949_c6c955a30fc2,IH,Alert all,0.05,0.0773172803434287,sensitivity_analysis_not_clinically_prespecified
binary_20260719_044949_c6c955a30fc2,IH,Alert none,0.05,0.0,sensitivity_analysis_not_clinically_prespecified
binary_20260719_044949_c6c955a30fc2,IH,Alert all,0.060000000000000005,0.06750150673006092,sensitivity_analysis_not_clinically_prespecified
binary_20260719_044949_c6c955a30fc2,IH,Alert none,0.060000000000000005,0.0,sensitivity_analysis_not_clinically_prespecified
binary_20260719_044949_c6c955a30fc2,IH,Alert all,0.06999999999999999,0.05747464121102934,sensitivity_analysis_not_clinically_prespecified
binary_20260719_044949_c6c955a30fc2,IH,Alert none,0.06999999999999999,0.0,sensitivity_analysis_not_clinically_prespecified
binary_20260719_044949_c6c955a30fc2,IH,Alert all,0.08,0.04722980035462748,sensitivity_analysis_not_clinically_prespecified
binary_20260719_044949_c6c955a30fc2,IH,Alert none,0.08,0.0,sensitivity_analysis_not_clinically_prespecified
binary_20260719_044949_c6c955a30fc2,IH,Alert all,0.09,0.03675979816072228,sensitivity_analysis_not_clinically_prespecified
binary_20260719_044949_c6c955a30fc2,IH,Alert none,0.09,0.0,sensitivity_analysis_not_clinically_prespecified
binary_20260719_044949_c6c955a30fc2,IH,Alert all,0.09999999999999999,0.026057129251396985,sensitivity_analysis_not_clinically_prespecified
binary_20260719_044949_c6c955a30fc2,IH,Alert none,0.09999999999999999,0.0,sensitivity_analysis_not_clinically_prespecified
binary_20260719_044949_c6c955a30fc2,IH,Alert all,0.11,0.015113950928378958,sensitivity_analysis_not_clinically_prespecified
binary_20260719_044949_c6c955a30fc2,IH,Alert none,0.11,0.0,sensitivity_analysis_not_clinically_prespecified
binary_20260719_044949_c6c955a30fc2,IH,Alert all,0.12,0.003922064007110551,sensitivity_analysis_not_clinically_prespecified
binary_20260719_044949_c6c955a30fc2,IH,Alert none,0.12,0.0,sensitivity_analysis_not_clinically_prespecified
binary_20260719_044949_c6c955a30fc2,IH,Alert all,0.13,-0.007527107670968675,sensitivity_analysis_not_clinically_prespecified
binary_20260719_044949_c6c955a30fc2,IH,Alert none,0.13,0.0,sensitivity_analysis_not_clinically_prespecified
binary_20260719_044949_c6c955a30fc2,IH,Alert all,0.14,-0.019242539155514826,sensitivity_analysis_not_clinically_prespecified
binary_20260719_044949_c6c955a30fc2,IH,Alert none,0.14,0.0,sensitivity_analysis_not_clinically_prespecified
binary_20260719_044949_c6c955a30fc2,IH,Alert all,0.15000000000000002,-0.03123362785146208,sensitivity_analysis_not_clinically_prespecified
binary_20260719_044949_c6c955a30fc2,IH,Alert none,0.15000000000000002,0.0,sensitivity_analysis_not_clinically_prespecified
binary_20260719_044949_c6c955a30fc2,IH,Alert all,0.16,-0.04351021865921753,sensitivity_analysis_not_clinically_prespecified
binary_20260719_044949_c6c955a30fc2,IH,Alert none,0.16,0.0,sensitivity_analysis_not_clinically_prespecified
binary_20260719_044949_c6c955a30fc2,IH,Alert all,0.17,-0.056082630932220184,sensitivity_analysis_not_clinically_prespecified
binary_20260719_044949_c6c955a30fc2,IH,Alert none,0.17,0.0,sensitivity_analysis_not_clinically_prespecified
binary_20260719_044949_c6c955a30fc2,IH,Alert all,0.18000000000000002,-0.06896168740700334,sensitivity_analysis_not_clinically_prespecified
binary_20260719_044949_c6c955a30fc2,IH,Alert none,0.18000000000000002,0.0,sensitivity_analysis_not_clinically_prespecified
binary_20260719_044949_c6c955a30fc2,IH,Alert all,0.19,-0.08215874527622558,sensitivity_analysis_not_clinically_prespecified
binary_20260719_044949_c6c955a30fc2,IH,Alert none,0.19,0.0,sensitivity_analysis_not_clinically_prespecified
binary_20260719_044949_c6c955a30fc2,IH,Alert all,0.2,-0.09568572959217841,sensitivity_analysis_not_clinically_prespecified
binary_20260719_044949_c6c955a30fc2,IH,Alert none,0.2,0.0,sensitivity_analysis_not_clinically_prespecified
binary_20260719_044949_c6c955a30fc2,IH,Alert all,0.21000000000000002,-0.10955516920726929,sensitivity_analysis_not_clinically_prespecified
binary_20260719_044949_c6c955a30fc2,IH,Alert none,0.21000000000000002,0.0,sensitivity_analysis_not_clinically_prespecified
binary_20260719_044949_c6c955a30fc2,IH,Alert all,0.22,-0.12378023547915734,sensitivity_analysis_not_clinically_prespecified
binary_20260719_044949_c6c955a30fc2,IH,Alert none,0.22,0.0,sensitivity_analysis_not_clinically_prespecified
binary_20260719_044949_c6c955a30fc2,IH,Alert all,0.23,-0.1383747839918737,sensitivity_analysis_not_clinically_prespecified
binary_20260719_044949_c6c955a30fc2,IH,Alert none,0.23,0.0,sensitivity_analysis_not_clinically_prespecified
binary_20260719_044949_c6c955a30fc2,IH,Alert all,0.24000000000000002,-0.15335339957071414,sensitivity_analysis_not_clinically_prespecified
binary_20260719_044949_c6c955a30fc2,IH,Alert none,0.24000000000000002,0.0,sensitivity_analysis_not_clinically_prespecified
binary_20260719_044949_c6c955a30fc2,IH,Alert all,0.25,-0.16873144489832365,sensitivity_analysis_not_clinically_prespecified
binary_20260719_044949_c6c955a30fc2,IH,Alert none,0.25,0.0,sensitivity_analysis_not_clinically_prespecified
binary_20260719_044949_c6c955a30fc2,IH,Alert all,0.26,-0.18452511307262537,sensitivity_analysis_not_clinically_prespecified
binary_20260719_044949_c6c955a30fc2,IH,Alert none,0.26,0.0,sensitivity_analysis_not_clinically_prespecified
binary_20260719_044949_c6c955a30fc2,IH,Alert all,0.27,-0.20075148448457913,sensitivity_analysis_not_clinically_prespecified
binary_20260719_044949_c6c955a30fc2,IH,Alert none,0.27,0.0,sensitivity_analysis_not_clinically_prespecified
binary_20260719_044949_c6c955a30fc2,IH,Alert all,0.28,-0.21742858843575386,sensitivity_analysis_not_clinically_prespecified
binary_20260719_044949_c6c955a30fc2,IH,Alert none,0.28,0.0,sensitivity_analysis_not_clinically_prespecified
binary_20260719_044949_c6c955a30fc2,IH,Alert all,0.29000000000000004,-0.23457546996301798,sensitivity_analysis_not_clinically_prespecified
binary_20260719_044949_c6c955a30fc2,IH,Alert none,0.29000000000000004,0.0,sensitivity_analysis_not_clinically_prespecified
binary_20260719_044949_c6c955a30fc2,IH,Alert all,0.3,-0.2522122623910611,sensitivity_analysis_not_clinically_prespecified
binary_20260719_044949_c6c955a30fc2,IH,Alert none,0.3,0.0,sensitivity_analysis_not_clinically_prespecified
binary_20260719_044949_c6c955a30fc2,IH,Alert all,0.31,-0.2703602661938301,sensitivity_analysis_not_clinically_prespecified
binary_20260719_044949_c6c955a30fc2,IH,Alert none,0.31,0.0,sensitivity_analysis_not_clinically_prespecified
binary_20260719_044949_c6c955a30fc2,IH,Alert all,0.32,-0.2890420348143276,sensitivity_analysis_not_clinically_prespecified
binary_20260719_044949_c6c955a30fc2,IH,Alert none,0.32,0.0,sensitivity_analysis_not_clinically_prespecified
binary_20260719_044949_c6c955a30fc2,IH,Alert all,0.33,-0.30828146816976537,sensitivity_analysis_not_clinically_prespecified
binary_20260719_044949_c6c955a30fc2,IH,Alert none,0.33,0.0,sensitivity_analysis_not_clinically_prespecified
binary_20260719_044949_c6c955a30fc2,IH,Alert all,0.34,-0.3281039146571861,sensitivity_analysis_not_clinically_prespecified
binary_20260719_044949_c6c955a30fc2,IH,Alert none,0.34,0.0,sensitivity_analysis_not_clinically_prespecified
binary_20260719_044949_c6c955a30fc2,IH,Alert all,0.35000000000000003,-0.3485362825749889,sensitivity_analysis_not_clinically_prespecified
binary_20260719_044949_c6c955a30fc2,IH,Alert none,0.35000000000000003,0.0,sensitivity_analysis_not_clinically_prespecified
binary_20260719_044949_c6c955a30fc2,IH,Alert all,0.36000000000000004,-0.36960716199022314,sensitivity_analysis_not_clinically_prespecified
binary_20260719_044949_c6c955a30fc2,IH,Alert none,0.36000000000000004,0.0,sensitivity_analysis_not_clinically_prespecified
binary_20260719_044949_c6c955a30fc2,IH,Alert all,0.37,-0.3913469582122901,sensitivity_analysis_not_clinically_prespecified
binary_20260719_044949_c6c955a30fc2,IH,Alert none,0.37,0.0,sensitivity_analysis_not_clinically_prespecified
binary_20260719_044949_c6c955a30fc2,IH,Alert all,0.38,-0.41378803818345605,sensitivity_analysis_not_clinically_prespecified
binary_20260719_044949_c6c955a30fc2,IH,Alert none,0.38,0.0,sensitivity_analysis_not_clinically_prespecified
binary_20260719_044949_c6c955a30fc2,IH,Alert all,0.39,-0.4369648912684307,sensitivity_analysis_not_clinically_prespecified
binary_20260719_044949_c6c955a30fc2,IH,Alert none,0.39,0.0,sensitivity_analysis_not_clinically_prespecified
binary_20260719_044949_c6c955a30fc2,IH,Alert all,0.4,-0.4609143061229047,sensitivity_analysis_not_clinically_prespecified
binary_20260719_044949_c6c955a30fc2,IH,Alert none,0.4,0.0,sensitivity_analysis_not_clinically_prespecified
binary_20260719_044949_c6c955a30fc2,IH,Alert all,0.41000000000000003,-0.48567556554871655,sensitivity_analysis_not_clinically_prespecified
binary_20260719_044949_c6c955a30fc2,IH,Alert none,0.41000000000000003,0.0,sensitivity_analysis_not_clinically_prespecified
binary_20260719_044949_c6c955a30fc2,IH,Alert all,0.42000000000000004,-0.511290661506453,sensitivity_analysis_not_clinically_prespecified
binary_20260719_044949_c6c955a30fc2,IH,Alert none,0.42000000000000004,0.0,sensitivity_analysis_not_clinically_prespecified
binary_20260719_044949_c6c955a30fc2,IH,Alert all,0.43,-0.5378045327609522,sensitivity_analysis_not_clinically_prespecified
binary_20260719_044949_c6c955a30fc2,IH,Alert none,0.43,0.0,sensitivity_analysis_not_clinically_prespecified
binary_20260719_044949_c6c955a30fc2,IH,Alert all,0.44,-0.5652653279888262,sensitivity_analysis_not_clinically_prespecified
binary_20260719_044949_c6c955a30fc2,IH,Alert none,0.44,0.0,sensitivity_analysis_not_clinically_prespecified
binary_20260719_044949_c6c955a30fc2,IH,Alert all,0.45,-0.593724697588623,sensitivity_analysis_not_clinically_prespecified
binary_20260719_044949_c6c955a30fc2,IH,Alert none,0.45,0.0,sensitivity_analysis_not_clinically_prespecified
binary_20260719_044949_c6c955a30fc2,IH,Alert all,0.46,-0.6232381179143385,sensitivity_analysis_not_clinically_prespecified
binary_20260719_044949_c6c955a30fc2,IH,Alert none,0.46,0.0,sensitivity_analysis_not_clinically_prespecified
binary_20260719_044949_c6c955a30fc2,IH,Alert all,0.47000000000000003,-0.6538652522146089,sensitivity_analysis_not_clinically_prespecified
binary_20260719_044949_c6c955a30fc2,IH,Alert none,0.47000000000000003,0.0,sensitivity_analysis_not_clinically_prespecified
binary_20260719_044949_c6c955a30fc2,IH,Alert all,0.48000000000000004,-0.685670353218736,sensitivity_analysis_not_clinically_prespecified
binary_20260719_044949_c6c955a30fc2,IH,Alert none,0.48000000000000004,0.0,sensitivity_analysis_not_clinically_prespecified
binary_20260719_044949_c6c955a30fc2,IH,Alert all,0.49,-0.7187227130857701,sensitivity_analysis_not_clinically_prespecified
binary_20260719_044949_c6c955a30fc2,IH,Alert none,0.49,0.0,sensitivity_analysis_not_clinically_prespecified
binary_20260719_044949_c6c955a30fc2,IH,Alert all,0.5,-0.7530971673474856,sensitivity_analysis_not_clinically_prespecified
binary_20260719_044949_c6c955a30fc2,IH,Alert none,0.5,0.0,sensitivity_analysis_not_clinically_prespecified
binary_20260719_044949_c6c955a30fc2,IH,Alert all,0.51,-0.7888746605586587,sensitivity_analysis_not_clinically_prespecified
binary_20260719_044949_c6c955a30fc2,IH,Alert none,0.51,0.0,sensitivity_analysis_not_clinically_prespecified
binary_20260719_044949_c6c955a30fc2,IH,Alert all,0.52,-0.8261428826536308,sensitivity_analysis_not_clinically_prespecified
binary_20260719_044949_c6c955a30fc2,IH,Alert none,0.52,0.0,sensitivity_analysis_not_clinically_prespecified
binary_20260719_044949_c6c955a30fc2,IH,Alert all,0.53,-0.8649969865398783,sensitivity_analysis_not_clinically_prespecified
binary_20260719_044949_c6c955a30fc2,IH,Alert none,0.53,0.0,sensitivity_analysis_not_clinically_prespecified
binary_20260719_044949_c6c955a30fc2,IH,Alert all,0.54,-0.9055403992907454,sensitivity_analysis_not_clinically_prespecified
binary_20260719_044949_c6c955a30fc2,IH,Alert none,0.54,0.0,sensitivity_analysis_not_clinically_prespecified
binary_20260719_044949_c6c955a30fc2,IH,Alert all,0.55,-0.9478857414972064,sensitivity_analysis_not_clinically_prespecified
binary_20260719_044949_c6c955a30fc2,IH,Alert none,0.55,0.0,sensitivity_analysis_not_clinically_prespecified
binary_20260719_044949_c6c955a30fc2,IH,Alert all,0.56,-0.9921558719857793,sensitivity_analysis_not_clinically_prespecified
binary_20260719_044949_c6c955a30fc2,IH,Alert none,0.56,0.0,sensitivity_analysis_not_clinically_prespecified
binary_20260719_044949_c6c955a30fc2,IH,Alert all,0.5700000000000001,-1.03848507831103,sensitivity_analysis_not_clinically_prespecified
binary_20260719_044949_c6c955a30fc2,IH,Alert none,0.5700000000000001,0.0,sensitivity_analysis_not_clinically_prespecified
binary_20260719_044949_c6c955a30fc2,IH,Alert all,0.5800000000000001,-1.0870204373184356,sensitivity_analysis_not_clinically_prespecified
binary_20260719_044949_c6c955a30fc2,IH,Alert none,0.5800000000000001,0.0,sensitivity_analysis_not_clinically_prespecified
binary_20260719_044949_c6c955a30fc2,IH,Alert all,0.59,-1.1379233748140065,sensitivity_analysis_not_clinically_prespecified
binary_20260719_044949_c6c955a30fc2,IH,Alert none,0.59,0.0,sensitivity_analysis_not_clinically_prespecified
binary_20260719_044949_c6c955a30fc2,IH,Alert all,0.6,-1.191371459184357,sensitivity_analysis_not_clinically_prespecified
binary_20260719_044949_c6c955a30fc2,IH,Alert none,0.6,0.0,sensitivity_analysis_not_clinically_prespecified
