group_id,evidence_node_id,group_label,candidate_features,clinical_rationale,primary_metric,secondary_metrics,size_control,status
TR-DEMO,E2.1,Demographic and exposure,"年龄;性别;透析龄年","Patient composition and chronic dialysis exposure",target_minus_source_auc,"normalized_excess_auc_ratio;calibration_change;pr_auc_relative_to_prevalence;透析龄占比_sensitivity",capacity_controlled_probe_and_size_matched_sensitivity,protocol_fixed_pending_rebuild
TR-BP,E2.1,Pre-dialysis blood pressure,"透前收缩压;透前舒张压","Observed baseline hemodynamic state",target_minus_source_auc,"normalized_excess_auc_ratio;calibration_change;pr_auc_relative_to_prevalence;derived_map_pulse_pressure_sensitivity",capacity_controlled_probe_and_redundancy_sensitivity,protocol_fixed
TR-VITAL,E2.1,Other pre-dialysis vital signs,"透前呼吸频率;透前体温","Observed non-BP physiological state",target_minus_source_auc,"normalized_excess_auc_ratio;calibration_change;pr_auc_relative_to_prevalence;temperature_missingness_sensitivity",capacity_controlled_probe_and_size_matched_sensitivity,protocol_fixed_pending_rebuild
TR-VOLUME,E2.1,Volume and weight state,"透前体重-干体重;超负荷","Volume-state proxies partly dependent on dry-weight policy",target_minus_source_auc,"normalized_excess_auc_ratio;calibration_change;pr_auc_relative_to_prevalence",capacity_controlled_probe_and_alternative_ontology,draft
TR-TREAT,E2.1,Treatment and process context,"抗凝剂类型_code;透析方式_code;瘘管类型_code;瘘管位置_code;透析液钙浓度;透析液电导率","Measured treatment and workflow proxies",target_minus_source_auc,"normalized_excess_auc_ratio;calibration_change;pr_auc_relative_to_prevalence",capacity_controlled_probe_and_semantic_mapping_sensitivity,blocked_semantic_mapping
TR-UF-HIST,E2.1,Historical ultrafiltration,"历史平均超滤量MAX;历史平均超滤率_mean","Strictly prior treatment-intensity trajectory",target_minus_source_auc,"normalized_excess_auc_ratio;calibration_change;pr_auc_relative_to_prevalence",capacity_controlled_probe_and_alternative_ontology,draft
TR-BP-HIST,E2.1,Historical blood pressure,"历史平均透前收缩压;历史平均透前舒张压","Strictly prior hemodynamic trajectory",target_minus_source_auc,"normalized_excess_auc_ratio;calibration_change;pr_auc_relative_to_prevalence",capacity_controlled_probe_and_alternative_ontology,draft
TR-EVENT-HIST,E2.1,Historical event trajectory,"历史平均透中低血压_计算;history_IDH_rate;history_HBP_rate;history_LBP_times_0_rate;history_LBP_times_1_rate;history_LBP_times_2_rate;history_LBP_times_3_rate;history_LBP_times_4_rate","Strictly prior endpoint and timing burden",target_minus_source_auc,"normalized_excess_auc_ratio;calibration_change;pr_auc_relative_to_prevalence",capacity_controlled_probe_and_redundancy_sensitivity,draft
TR-MEASUREMENT,E2.1,Measurement and process metadata,,"Device acquisition and documentation process",target_minus_source_auc,"missingness_transportability;domain_predictability",not_estimable_without_features,blocked_no_features
