model,horizon_min,threshold,clinical_action,flagged_sessions_n,flagged_sessions_proportion,events_n,captured_events_n,event_capture_rate,ppv,workload_per_event_captured,net_benefit_model,net_benefit_treat_all,net_benefit_treat_none,delta_vs_treat_all,delta_vs_treat_none,false_positives_n
Local Cox update,30,0.1,intensified monitoring,0,0.0,47,0,0.0,,,0.0,-0.10994288100457848,0.0,0.10994288100457848,0.0,0
Local Cox update,30,0.2,ultrafiltration review,0,0.0,47,0,0.0,,,0.0,-0.24868574113015077,0.0,0.24868574113015077,0.0,0
Local Cox update,30,0.3,bedside reassessment,0,0.0,47,0,0.0,,,0.0,-0.42706941843445806,0.0,0.42706941843445806,0.0,0
Local Cox update,60,0.1,intensified monitoring,16035,0.35870878260480515,6473,5465,0.8442762243163912,0.3408169628936701,2.9341262580054894,0.0959812884335277,0.04978151611411867,0.0,0.04619977231940903,0.0959812884335277,10570
Local Cox update,60,0.2,ultrafiltration review,8466,0.1893874994407409,6473,3906,0.6034296307739843,0.46137491141034725,2.1674347158218126,0.06187642611068857,-0.06899579437161649,0.0,0.13087222048230507,0.06187642611068857,4560
Local Cox update,60,0.3,bedside reassessment,5029,0.11250055925909355,6473,2717,0.4197435501313147,0.5402664545635315,1.8509385351490615,0.0386144435851384,-0.22170947928184742,0.0,0.2603239228669858,0.0386144435851384,2312
Local Cox update,120,0.1,intensified monitoring,26361,0.5897051586058789,11026,10437,0.9465808089969164,0.39592579947649936,2.5257257832710547,0.19389885612873398,0.16295070068950432,0.0,0.030948155439229658,0.19389885612873398,15924
Local Cox update,120,0.2,ultrafiltration review,16424,0.3674108541004877,11026,8800,0.7981135497914021,0.535801266439357,1.8663636363636364,0.154221287638137,0.05831953827569236,0.0,0.09590174936244464,0.154221287638137,7624
Local Cox update,120,0.3,bedside reassessment,11390,0.25479844302268356,11026,7112,0.6450208597859605,0.6244073748902547,1.6015185601799775,0.11808356289587554,-0.07620624197063736,0.0,0.1942898048665129,0.11808356289587554,4278
